trial,testing,parameters,initial_deadline,final_deadline,net_reward,actions,success
1,False,"{'a': 0.5, 'e': 0.993}",25,0,-98.49009899746707,"{0: 14, 1: 3, 2: 6, 3: 2, 4: 0}",0
2,False,"{'a': 0.5, 'e': 0.9895}",20,0,-113.87896666902354,"{0: 12, 1: 1, 2: 4, 3: 2, 4: 1}",0
3,False,"{'a': 0.5, 'e': 0.986}",20,0,-114.11430924638276,"{0: 10, 1: 3, 2: 5, 3: 1, 4: 1}",0
4,False,"{'a': 0.5, 'e': 0.9825}",35,0,-202.27706321925012,"{0: 22, 1: 3, 2: 5, 3: 2, 4: 3}",0
5,False,"{'a': 0.5, 'e': 0.979}",20,0,-163.18742516879357,"{0: 8, 1: 4, 2: 5, 3: 1, 4: 2}",0
6,False,"{'a': 0.5, 'e': 0.9755}",20,16,7.2297458097038625,"{0: 4, 1: 0, 2: 0, 3: 0, 4: 0}",1
7,False,"{'a': 0.5, 'e': 0.972}",20,0,-73.51612405106829,"{0: 15, 1: 0, 2: 3, 3: 1, 4: 1}",0
8,False,"{'a': 0.5, 'e': 0.9685}",20,0,-91.00746178165683,"{0: 12, 1: 2, 2: 4, 3: 1, 4: 1}",0
9,False,"{'a': 0.5, 'e': 0.965}",30,0,-140.19364813890786,"{0: 16, 1: 4, 2: 8, 3: 1, 4: 1}",0
10,False,"{'a': 0.5, 'e': 0.9615}",25,0,-60.04527382991257,"{0: 19, 1: 1, 2: 4, 3: 0, 4: 1}",0
11,False,"{'a': 0.5, 'e': 0.958}",20,3,-55.22511216991072,"{0: 13, 1: 0, 2: 1, 3: 3, 4: 0}",1
12,False,"{'a': 0.5, 'e': 0.9545}",25,0,-168.2857251911992,"{0: 15, 1: 2, 2: 4, 3: 1, 4: 3}",0
13,False,"{'a': 0.5, 'e': 0.951}",25,0,-63.19146000865593,"{0: 17, 1: 1, 2: 6, 3: 1, 4: 0}",0
14,False,"{'a': 0.5, 'e': 0.9475}",25,0,-75.90078671791962,"{0: 18, 1: 1, 2: 3, 3: 3, 4: 0}",0
15,False,"{'a': 0.5, 'e': 0.944}",25,0,-173.69477540463862,"{0: 14, 1: 3, 2: 5, 3: 0, 4: 3}",0
16,False,"{'a': 0.5, 'e': 0.9405}",20,0,-31.69912966348184,"{0: 15, 1: 1, 2: 4, 3: 0, 4: 0}",0
17,False,"{'a': 0.5, 'e': 0.937}",25,0,-112.10362538407934,"{0: 14, 1: 4, 2: 5, 3: 1, 4: 1}",0
18,False,"{'a': 0.5, 'e': 0.9335}",20,0,-102.874385850292,"{0: 12, 1: 0, 2: 7, 3: 0, 4: 1}",0
19,False,"{'a': 0.5, 'e': 0.9299999999999999}",25,0,-164.18062383190713,"{0: 13, 1: 1, 2: 9, 3: 0, 4: 2}",0
20,False,"{'a': 0.5, 'e': 0.9265}",20,0,-118.81947924316961,"{0: 11, 1: 1, 2: 5, 3: 2, 4: 1}",0
21,False,"{'a': 0.5, 'e': 0.923}",20,0,-43.0334128456613,"{0: 16, 1: 1, 2: 2, 3: 0, 4: 1}",0
22,False,"{'a': 0.5, 'e': 0.9195}",20,0,-117.555720725294,"{0: 10, 1: 4, 2: 3, 3: 2, 4: 1}",0
23,False,"{'a': 0.5, 'e': 0.916}",20,0,-42.71811938742226,"{0: 12, 1: 5, 2: 3, 3: 0, 4: 0}",0
24,False,"{'a': 0.5, 'e': 0.9125}",20,0,-10.72477868489192,"{0: 16, 1: 1, 2: 3, 3: 0, 4: 0}",0
25,False,"{'a': 0.5, 'e': 0.909}",30,0,-132.9210008162263,"{0: 18, 1: 5, 2: 5, 3: 0, 4: 2}",0
26,False,"{'a': 0.5, 'e': 0.9055}",20,0,-37.78697448578213,"{0: 15, 1: 0, 2: 5, 3: 0, 4: 0}",0
27,False,"{'a': 0.5, 'e': 0.902}",30,0,-132.95498456742922,"{0: 21, 1: 1, 2: 4, 3: 2, 4: 2}",0
28,False,"{'a': 0.5, 'e': 0.8985}",20,0,-109.63817826032945,"{0: 14, 1: 0, 2: 3, 3: 1, 4: 2}",0
29,False,"{'a': 0.5, 'e': 0.895}",20,0,-92.86372446328393,"{0: 15, 1: 0, 2: 3, 3: 0, 4: 2}",0
30,False,"{'a': 0.5, 'e': 0.8915}",30,0,-237.11571684948584,"{0: 16, 1: 0, 2: 10, 3: 0, 4: 4}",0
31,False,"{'a': 0.5, 'e': 0.888}",25,0,-62.375107576532855,"{0: 17, 1: 6, 2: 1, 3: 0, 4: 1}",0
32,False,"{'a': 0.5, 'e': 0.8845}",30,0,-84.20371314212402,"{0: 23, 1: 1, 2: 4, 3: 1, 4: 1}",0
33,False,"{'a': 0.5, 'e': 0.881}",20,0,-49.87961482754566,"{0: 16, 1: 1, 2: 2, 3: 0, 4: 1}",0
34,False,"{'a': 0.5, 'e': 0.8775}",25,7,-83.6062512157299,"{0: 11, 1: 0, 2: 6, 3: 0, 4: 1}",1
35,False,"{'a': 0.5, 'e': 0.874}",25,2,-132.69625683805464,"{0: 13, 1: 0, 2: 7, 3: 2, 4: 1}",1
36,False,"{'a': 0.5, 'e': 0.8705}",20,0,-65.73238402852886,"{0: 15, 1: 2, 2: 1, 3: 1, 4: 1}",0
37,False,"{'a': 0.5, 'e': 0.867}",20,0,-106.72573705912582,"{0: 13, 1: 3, 2: 1, 3: 1, 4: 2}",0
38,False,"{'a': 0.5, 'e': 0.8634999999999999}",20,0,-49.29386021357618,"{0: 14, 1: 2, 2: 3, 3: 1, 4: 0}",0
39,False,"{'a': 0.5, 'e': 0.86}",30,0,-61.44617153223161,"{0: 22, 1: 3, 2: 3, 3: 2, 4: 0}",0
40,False,"{'a': 0.5, 'e': 0.8565}",20,0,13.469536076139676,"{0: 19, 1: 0, 2: 1, 3: 0, 4: 0}",0
41,False,"{'a': 0.5, 'e': 0.853}",25,0,-54.00544376381074,"{0: 21, 1: 0, 2: 2, 3: 1, 4: 1}",0
42,False,"{'a': 0.5, 'e': 0.8495}",20,14,-2.7622442143617034,"{0: 4, 1: 2, 2: 0, 3: 0, 4: 0}",1
43,False,"{'a': 0.5, 'e': 0.846}",30,1,-75.64493010929772,"{0: 21, 1: 2, 2: 5, 3: 0, 4: 1}",1
44,False,"{'a': 0.5, 'e': 0.8425}",20,0,-144.67780952367974,"{0: 12, 1: 2, 2: 3, 3: 0, 4: 3}",0
45,False,"{'a': 0.5, 'e': 0.839}",20,0,-43.50129661575797,"{0: 13, 1: 3, 2: 3, 3: 1, 4: 0}",0
46,False,"{'a': 0.5, 'e': 0.8355}",20,0,-19.552694241125764,"{0: 14, 1: 4, 2: 2, 3: 0, 4: 0}",0
47,False,"{'a': 0.5, 'e': 0.832}",20,15,7.526229334281885,"{0: 5, 1: 0, 2: 0, 3: 0, 4: 0}",1
48,False,"{'a': 0.5, 'e': 0.8285}",20,0,-127.97735874215199,"{0: 14, 1: 1, 2: 2, 3: 0, 4: 3}",0
49,False,"{'a': 0.5, 'e': 0.825}",20,0,-44.07771995478752,"{0: 13, 1: 2, 2: 5, 3: 0, 4: 0}",0
50,False,"{'a': 0.5, 'e': 0.8215}",20,3,-55.45610599494513,"{0: 12, 1: 1, 2: 3, 3: 0, 4: 1}",1
51,False,"{'a': 0.5, 'e': 0.8180000000000001}",30,0,-140.31851601511508,"{0: 21, 1: 2, 2: 4, 3: 0, 4: 3}",0
52,False,"{'a': 0.5, 'e': 0.8145}",20,0,-130.48967706222317,"{0: 13, 1: 0, 2: 3, 3: 2, 4: 2}",0
53,False,"{'a': 0.5, 'e': 0.8109999999999999}",25,0,-121.7651180682314,"{0: 17, 1: 3, 2: 2, 3: 1, 4: 2}",0
54,False,"{'a': 0.5, 'e': 0.8075}",20,0,-131.62463116930212,"{0: 12, 1: 1, 2: 4, 3: 1, 4: 2}",0
55,False,"{'a': 0.5, 'e': 0.804}",20,0,1.6935645517983322,"{0: 17, 1: 1, 2: 2, 3: 0, 4: 0}",0
56,False,"{'a': 0.5, 'e': 0.8005}",20,0,-93.66329058436958,"{0: 12, 1: 2, 2: 4, 3: 1, 4: 1}",0
57,False,"{'a': 0.5, 'e': 0.7969999999999999}",25,0,-11.615541261182335,"{0: 22, 1: 0, 2: 3, 3: 0, 4: 0}",0
58,False,"{'a': 0.5, 'e': 0.7935}",20,0,-106.11594791262239,"{0: 13, 1: 1, 2: 4, 3: 0, 4: 2}",0
59,False,"{'a': 0.5, 'e': 0.79}",30,0,-58.42800042158331,"{0: 26, 1: 0, 2: 2, 3: 0, 4: 2}",0
60,False,"{'a': 0.5, 'e': 0.7865}",25,0,-125.11828387150526,"{0: 15, 1: 3, 2: 5, 3: 0, 4: 2}",0
61,False,"{'a': 0.5, 'e': 0.783}",35,14,5.2533060605238,"{0: 17, 1: 3, 2: 1, 3: 0, 4: 0}",1
62,False,"{'a': 0.5, 'e': 0.7795}",30,0,-161.55028643101735,"{0: 19, 1: 1, 2: 6, 3: 2, 4: 2}",0
63,False,"{'a': 0.5, 'e': 0.776}",20,0,-137.95718601167854,"{0: 13, 1: 0, 2: 4, 3: 0, 4: 3}",0
64,False,"{'a': 0.5, 'e': 0.7725}",35,6,-165.49273075229047,"{0: 18, 1: 2, 2: 6, 3: 0, 4: 3}",1
65,False,"{'a': 0.5, 'e': 0.769}",25,10,-77.94515362673084,"{0: 11, 1: 1, 2: 1, 3: 0, 4: 2}",1
66,False,"{'a': 0.5, 'e': 0.7655}",20,0,-73.50296414686109,"{0: 15, 1: 0, 2: 3, 3: 1, 4: 1}",0
67,False,"{'a': 0.5, 'e': 0.762}",20,1,16.53069523892712,"{0: 18, 1: 0, 2: 1, 3: 0, 4: 0}",1
68,False,"{'a': 0.5, 'e': 0.7585}",25,0,-69.06741217675855,"{0: 17, 1: 2, 2: 4, 3: 2, 4: 0}",0
69,False,"{'a': 0.5, 'e': 0.755}",20,0,-38.17658230579827,"{0: 17, 1: 0, 2: 2, 3: 0, 4: 1}",0
70,False,"{'a': 0.5, 'e': 0.7515000000000001}",25,0,-14.78974216149029,"{0: 21, 1: 1, 2: 2, 3: 1, 4: 0}",1
71,False,"{'a': 0.5, 'e': 0.748}",25,0,-52.10243843941679,"{0: 20, 1: 1, 2: 3, 3: 0, 4: 1}",0
72,False,"{'a': 0.5, 'e': 0.7444999999999999}",20,0,-58.98876699324892,"{0: 15, 1: 1, 2: 3, 3: 0, 4: 1}",0
73,False,"{'a': 0.5, 'e': 0.741}",35,20,-22.647744446771178,"{0: 11, 1: 2, 2: 1, 3: 1, 4: 0}",1
74,False,"{'a': 0.5, 'e': 0.7375}",35,0,-105.59130539664928,"{0: 24, 1: 2, 2: 7, 3: 1, 4: 1}",0
75,False,"{'a': 0.5, 'e': 0.734}",30,0,-142.41808043610683,"{0: 20, 1: 1, 2: 6, 3: 1, 4: 2}",0
76,False,"{'a': 0.5, 'e': 0.7304999999999999}",25,0,-42.78713478000577,"{0: 17, 1: 3, 2: 5, 3: 0, 4: 0}",0
77,False,"{'a': 0.5, 'e': 0.727}",30,9,-99.1429872680646,"{0: 12, 1: 2, 2: 5, 3: 1, 4: 1}",1
78,False,"{'a': 0.5, 'e': 0.7235}",25,0,-62.88160941172889,"{0: 19, 1: 2, 2: 2, 3: 1, 4: 1}",0
79,False,"{'a': 0.5, 'e': 0.72}",30,0,-130.67284444941123,"{0: 18, 1: 1, 2: 9, 3: 1, 4: 1}",0
80,False,"{'a': 0.5, 'e': 0.7164999999999999}",20,0,-155.7999553079513,"{0: 11, 1: 4, 2: 1, 3: 1, 4: 3}",0
81,False,"{'a': 0.5, 'e': 0.713}",20,0,-59.93837892685306,"{0: 13, 1: 4, 2: 2, 3: 0, 4: 1}",0
82,False,"{'a': 0.5, 'e': 0.7095}",20,0,-91.70261422878241,"{0: 13, 1: 1, 2: 4, 3: 1, 4: 1}",0
83,False,"{'a': 0.5, 'e': 0.706}",25,0,-66.57644334436037,"{0: 19, 1: 1, 2: 3, 3: 1, 4: 1}",0
84,False,"{'a': 0.5, 'e': 0.7025}",20,2,13.937955546513246,"{0: 17, 1: 0, 2: 1, 3: 0, 4: 0}",1
85,False,"{'a': 0.5, 'e': 0.6990000000000001}",30,0,-195.50777403793077,"{0: 20, 1: 0, 2: 4, 3: 3, 4: 3}",0
86,False,"{'a': 0.5, 'e': 0.6955}",20,7,-63.44443206026597,"{0: 8, 1: 1, 2: 3, 3: 0, 4: 1}",1
87,False,"{'a': 0.5, 'e': 0.692}",20,7,-72.83697334174957,"{0: 9, 1: 1, 2: 0, 3: 2, 4: 1}",1
88,False,"{'a': 0.5, 'e': 0.6885}",30,0,-169.27707280761354,"{0: 18, 1: 2, 2: 6, 3: 2, 4: 2}",0
89,False,"{'a': 0.5, 'e': 0.685}",30,20,-13.921601642698665,"{0: 8, 1: 0, 2: 1, 3: 1, 4: 0}",1
90,False,"{'a': 0.5, 'e': 0.6815}",20,5,-15.014254259989848,"{0: 11, 1: 2, 2: 2, 3: 0, 4: 0}",1
91,False,"{'a': 0.5, 'e': 0.6779999999999999}",20,0,-154.53736619278868,"{0: 13, 1: 0, 2: 3, 3: 1, 4: 3}",0
92,False,"{'a': 0.5, 'e': 0.6745}",20,6,-79.49940969867582,"{0: 8, 1: 1, 2: 3, 3: 1, 4: 1}",1
93,False,"{'a': 0.5, 'e': 0.671}",30,0,-114.95477594503541,"{0: 20, 1: 3, 2: 5, 3: 0, 4: 2}",0
94,False,"{'a': 0.5, 'e': 0.6675}",30,0,-122.04216396203572,"{0: 19, 1: 4, 2: 4, 3: 2, 4: 1}",0
95,False,"{'a': 0.5, 'e': 0.6639999999999999}",20,0,-120.1093583217824,"{0: 14, 1: 0, 2: 2, 3: 2, 4: 2}",0
96,False,"{'a': 0.5, 'e': 0.6605}",20,0,-68.34361168877663,"{0: 12, 1: 1, 2: 6, 3: 1, 4: 0}",0
97,False,"{'a': 0.5, 'e': 0.657}",20,6,-18.082435877589727,"{0: 10, 1: 2, 2: 2, 3: 0, 4: 0}",1
98,False,"{'a': 0.5, 'e': 0.6535}",20,0,-45.8549250553003,"{0: 14, 1: 2, 2: 3, 3: 1, 4: 0}",0
99,False,"{'a': 0.5, 'e': 0.6499999999999999}",30,0,-62.02957801546857,"{0: 26, 1: 0, 2: 2, 3: 0, 4: 2}",0
100,False,"{'a': 0.5, 'e': 0.6465000000000001}",20,0,-63.29940652139373,"{0: 12, 1: 1, 2: 6, 3: 1, 4: 0}",0
101,False,"{'a': 0.5, 'e': 0.643}",25,0,-154.00403200586953,"{0: 17, 1: 1, 2: 3, 3: 1, 4: 3}",0
102,False,"{'a': 0.5, 'e': 0.6395}",20,0,3.7934136211389307,"{0: 18, 1: 1, 2: 1, 3: 0, 4: 0}",0
103,False,"{'a': 0.5, 'e': 0.636}",30,19,-20.931778362063422,"{0: 7, 1: 1, 2: 3, 3: 0, 4: 0}",1
104,False,"{'a': 0.5, 'e': 0.6325000000000001}",20,12,3.4653043347373895,"{0: 7, 1: 1, 2: 0, 3: 0, 4: 0}",1
105,False,"{'a': 0.5, 'e': 0.629}",25,16,16.316930536359866,"{0: 9, 1: 0, 2: 0, 3: 0, 4: 0}",1
106,False,"{'a': 0.5, 'e': 0.6255}",30,17,-5.586169283827944,"{0: 11, 1: 0, 2: 2, 3: 0, 4: 0}",1
107,False,"{'a': 0.5, 'e': 0.622}",20,0,-81.47234242395646,"{0: 12, 1: 3, 2: 3, 3: 1, 4: 1}",0
108,False,"{'a': 0.5, 'e': 0.6185}",20,0,-98.47844676987506,"{0: 11, 1: 4, 2: 3, 3: 1, 4: 1}",0
109,False,"{'a': 0.5, 'e': 0.615}",25,0,-102.17418958519436,"{0: 15, 1: 5, 2: 3, 3: 1, 4: 1}",0
110,False,"{'a': 0.5, 'e': 0.6114999999999999}",35,0,-102.21713435717403,"{0: 26, 1: 4, 2: 2, 3: 1, 4: 2}",0
111,False,"{'a': 0.5, 'e': 0.608}",20,16,9.618462746606367,"{0: 4, 1: 0, 2: 0, 3: 0, 4: 0}",1
112,False,"{'a': 0.5, 'e': 0.6045}",20,9,18.49369701348446,"{0: 11, 1: 0, 2: 0, 3: 0, 4: 0}",1
113,False,"{'a': 0.5, 'e': 0.601}",35,5,-117.04437958932719,"{0: 20, 1: 2, 2: 6, 3: 0, 4: 2}",1
114,False,"{'a': 0.5, 'e': 0.5974999999999999}",20,0,-64.22889140394858,"{0: 17, 1: 0, 2: 1, 3: 0, 4: 2}",1
115,False,"{'a': 0.5, 'e': 0.594}",20,0,-106.96761767740568,"{0: 14, 1: 0, 2: 3, 3: 1, 4: 2}",0
116,False,"{'a': 0.5, 'e': 0.5905}",20,3,-17.17515313796335,"{0: 13, 1: 1, 2: 3, 3: 0, 4: 0}",1
117,False,"{'a': 0.5, 'e': 0.587}",20,0,-39.41087362828704,"{0: 13, 1: 2, 2: 5, 3: 0, 4: 0}",0
118,False,"{'a': 0.5, 'e': 0.5835}",20,13,2.0288418943358755,"{0: 6, 1: 0, 2: 1, 3: 0, 4: 0}",1
119,False,"{'a': 0.5, 'e': 0.5800000000000001}",25,0,-167.09569403591976,"{0: 17, 1: 2, 2: 2, 3: 0, 4: 4}",0
120,False,"{'a': 0.5, 'e': 0.5765}",20,2,-48.799819101493696,"{0: 15, 1: 0, 2: 1, 3: 1, 4: 1}",1
121,False,"{'a': 0.5, 'e': 0.573}",25,0,-94.82598351721128,"{0: 17, 1: 1, 2: 5, 3: 1, 4: 1}",0
122,False,"{'a': 0.5, 'e': 0.5695}",30,15,17.67992058077559,"{0: 14, 1: 0, 2: 1, 3: 0, 4: 0}",1
123,False,"{'a': 0.5, 'e': 0.5660000000000001}",25,16,8.048905729802902,"{0: 8, 1: 1, 2: 0, 3: 0, 4: 0}",1
124,False,"{'a': 0.5, 'e': 0.5625}",25,2,-75.26049506275012,"{0: 16, 1: 3, 2: 2, 3: 1, 4: 1}",1
125,False,"{'a': 0.5, 'e': 0.5589999999999999}",25,18,-31.548283714169184,"{0: 6, 1: 0, 2: 0, 3: 0, 4: 1}",1
126,False,"{'a': 0.5, 'e': 0.5555}",25,0,-71.31859253804019,"{0: 20, 1: 0, 2: 2, 3: 2, 4: 1}",0
127,False,"{'a': 0.5, 'e': 0.552}",25,0,-169.2615187538965,"{0: 18, 1: 1, 2: 1, 3: 1, 4: 4}",0
128,False,"{'a': 0.5, 'e': 0.5485}",25,3,-93.99210074593701,"{0: 17, 1: 0, 2: 2, 3: 1, 4: 2}",1
129,False,"{'a': 0.5, 'e': 0.5449999999999999}",20,0,-5.295810095767843,"{0: 18, 1: 0, 2: 1, 3: 1, 4: 0}",0
130,False,"{'a': 0.5, 'e': 0.5415}",25,0,1.9735392036599162,"{0: 22, 1: 0, 2: 3, 3: 0, 4: 0}",0
131,False,"{'a': 0.5, 'e': 0.538}",20,0,-63.86862261210075,"{0: 14, 1: 3, 2: 1, 3: 1, 4: 1}",0
132,False,"{'a': 0.5, 'e': 0.5345}",20,9,5.159377979576791,"{0: 10, 1: 0, 2: 1, 3: 0, 4: 0}",1
133,False,"{'a': 0.5, 'e': 0.5309999999999999}",20,0,7.600413879948378,"{0: 17, 1: 2, 2: 1, 3: 0, 4: 0}",0
134,False,"{'a': 0.5, 'e': 0.5275}",30,12,-15.100214687625881,"{0: 14, 1: 0, 2: 4, 3: 0, 4: 0}",1
135,False,"{'a': 0.5, 'e': 0.524}",20,15,4.759404450893578,"{0: 4, 1: 1, 2: 0, 3: 0, 4: 0}",1
136,False,"{'a': 0.5, 'e': 0.5205}",20,0,-49.1896503930119,"{0: 15, 1: 1, 2: 3, 3: 0, 4: 1}",0
137,False,"{'a': 0.5, 'e': 0.517}",30,0,6.700683265530484,"{0: 26, 1: 1, 2: 3, 3: 0, 4: 0}",0
138,False,"{'a': 0.5, 'e': 0.5135000000000001}",25,8,-98.64479980604268,"{0: 14, 1: 0, 2: 0, 3: 0, 4: 3}",1
139,False,"{'a': 0.5, 'e': 0.51}",20,0,-20.918956120407493,"{0: 16, 1: 1, 2: 2, 3: 1, 4: 0}",0
140,False,"{'a': 0.5, 'e': 0.5065}",20,0,-36.83834117892765,"{0: 15, 1: 1, 2: 3, 3: 1, 4: 0}",0
141,False,"{'a': 0.5, 'e': 0.503}",25,1,-93.02478094826397,"{0: 19, 1: 0, 2: 2, 3: 1, 4: 2}",1
142,False,"{'a': 0.5, 'e': 0.49949999999999994}",30,6,-83.81610786413704,"{0: 18, 1: 1, 2: 3, 3: 0, 4: 2}",1
143,False,"{'a': 0.5, 'e': 0.496}",20,16,7.665819817814288,"{0: 4, 1: 0, 2: 0, 3: 0, 4: 0}",1
144,False,"{'a': 0.5, 'e': 0.49249999999999994}",25,17,-37.96482227800059,"{0: 6, 1: 0, 2: 1, 3: 0, 4: 1}",1
145,False,"{'a': 0.5, 'e': 0.489}",25,0,2.84617432687227,"{0: 22, 1: 0, 2: 3, 3: 0, 4: 0}",0
146,False,"{'a': 0.5, 'e': 0.48550000000000004}",25,5,10.284839524378464,"{0: 17, 1: 3, 2: 0, 3: 0, 4: 0}",1
147,False,"{'a': 0.5, 'e': 0.482}",25,0,-131.35596567966792,"{0: 18, 1: 2, 2: 2, 3: 0, 4: 3}",0
148,False,"{'a': 0.5, 'e': 0.47850000000000004}",20,8,-1.4283473639716524,"{0: 10, 1: 0, 2: 2, 3: 0, 4: 0}",1
149,False,"{'a': 0.5, 'e': 0.475}",30,0,12.824510168513305,"{0: 26, 1: 2, 2: 2, 3: 0, 4: 0}",0
150,False,"{'a': 0.5, 'e': 0.47150000000000003}",35,13,-96.4820806561126,"{0: 16, 1: 0, 2: 3, 3: 1, 4: 2}",1
151,False,"{'a': 0.5, 'e': 0.46799999999999997}",20,13,-11.742496498553113,"{0: 5, 1: 0, 2: 2, 3: 0, 4: 0}",1
152,False,"{'a': 0.5, 'e': 0.4645}",20,0,14.364773252945211,"{0: 19, 1: 0, 2: 1, 3: 0, 4: 0}",0
153,False,"{'a': 0.5, 'e': 0.46099999999999997}",20,9,-20.13716081500754,"{0: 7, 1: 1, 2: 3, 3: 0, 4: 0}",1
154,False,"{'a': 0.5, 'e': 0.4575}",20,9,9.161902639364058,"{0: 10, 1: 0, 2: 1, 3: 0, 4: 0}",1
155,False,"{'a': 0.5, 'e': 0.45399999999999996}",30,0,-42.917533032900955,"{0: 25, 1: 1, 2: 3, 3: 0, 4: 1}",0
156,False,"{'a': 0.5, 'e': 0.4505}",20,13,13.679600122645029,"{0: 7, 1: 0, 2: 0, 3: 0, 4: 0}",1
157,False,"{'a': 0.5, 'e': 0.44699999999999995}",30,0,-23.441646458989467,"{0: 25, 1: 0, 2: 4, 3: 1, 4: 0}",0
158,False,"{'a': 0.5, 'e': 0.4435}",25,4,-49.90593818335879,"{0: 16, 1: 1, 2: 3, 3: 0, 4: 1}",1
159,False,"{'a': 0.5, 'e': 0.43999999999999995}",20,8,0.08293017159129046,"{0: 10, 1: 1, 2: 1, 3: 0, 4: 0}",1
160,False,"{'a': 0.5, 'e': 0.4365}",20,0,19.65453625352838,"{0: 19, 1: 0, 2: 1, 3: 0, 4: 0}",0
161,False,"{'a': 0.5, 'e': 0.43299999999999994}",20,13,-41.95969302424299,"{0: 5, 1: 0, 2: 1, 3: 0, 4: 1}",1
162,False,"{'a': 0.5, 'e': 0.4295}",20,9,-27.380617009524435,"{0: 8, 1: 0, 2: 2, 3: 1, 4: 0}",1
163,False,"{'a': 0.5, 'e': 0.42599999999999993}",20,0,-42.05444689061431,"{0: 16, 1: 1, 2: 2, 3: 0, 4: 1}",0
164,False,"{'a': 0.5, 'e': 0.4225}",20,6,-2.9161058307780836,"{0: 11, 1: 1, 2: 2, 3: 0, 4: 0}",1
165,False,"{'a': 0.5, 'e': 0.41900000000000004}",35,16,-74.24046947971159,"{0: 16, 1: 0, 2: 0, 3: 1, 4: 2}",1
166,False,"{'a': 0.5, 'e': 0.4155}",20,0,-23.32015520966283,"{0: 16, 1: 1, 2: 2, 3: 1, 4: 0}",0
167,False,"{'a': 0.5, 'e': 0.41200000000000003}",20,12,1.4661112720115992,"{0: 7, 1: 0, 2: 1, 3: 0, 4: 0}",1
168,False,"{'a': 0.5, 'e': 0.4085}",30,14,-10.010130372999752,"{0: 11, 1: 4, 2: 1, 3: 0, 4: 0}",1
169,False,"{'a': 0.5, 'e': 0.405}",20,10,-48.57107042264068,"{0: 7, 1: 0, 2: 2, 3: 0, 4: 1}",1
170,False,"{'a': 0.5, 'e': 0.40149999999999997}",35,16,-27.37855408603219,"{0: 17, 1: 0, 2: 1, 3: 0, 4: 1}",1
171,False,"{'a': 0.5, 'e': 0.398}",25,9,-23.932114407176613,"{0: 12, 1: 1, 2: 2, 3: 1, 4: 0}",1
172,False,"{'a': 0.5, 'e': 0.39449999999999996}",25,5,-7.258501557567963,"{0: 17, 1: 1, 2: 1, 3: 1, 4: 0}",1
173,False,"{'a': 0.5, 'e': 0.391}",30,12,-43.990487044920485,"{0: 14, 1: 0, 2: 3, 3: 0, 4: 1}",1
174,False,"{'a': 0.5, 'e': 0.38749999999999996}",20,4,1.4875014943790512,"{0: 14, 1: 0, 2: 2, 3: 0, 4: 0}",1
175,False,"{'a': 0.5, 'e': 0.384}",30,0,-21.834538160329124,"{0: 27, 1: 1, 2: 1, 3: 0, 4: 1}",0
176,False,"{'a': 0.5, 'e': 0.38049999999999995}",25,8,-3.3101920224827364,"{0: 15, 1: 0, 2: 1, 3: 1, 4: 0}",1
177,False,"{'a': 0.5, 'e': 0.377}",20,0,-31.49856599634414,"{0: 17, 1: 1, 2: 1, 3: 0, 4: 1}",0
178,False,"{'a': 0.5, 'e': 0.37349999999999994}",35,0,-38.37709684705189,"{0: 30, 1: 1, 2: 2, 3: 1, 4: 1}",1
179,False,"{'a': 0.5, 'e': 0.37}",20,8,-18.034639207773807,"{0: 11, 1: 0, 2: 0, 3: 0, 4: 1}",1
180,False,"{'a': 0.5, 'e': 0.36649999999999994}",20,0,-16.985223552747343,"{0: 18, 1: 0, 2: 1, 3: 0, 4: 1}",1
181,False,"{'a': 0.5, 'e': 0.363}",25,3,15.288565708422611,"{0: 20, 1: 0, 2: 2, 3: 0, 4: 0}",1
182,False,"{'a': 0.5, 'e': 0.35950000000000004}",20,7,-32.49983887414496,"{0: 10, 1: 1, 2: 1, 3: 0, 4: 1}",1
183,False,"{'a': 0.5, 'e': 0.356}",20,0,18.529711531171213,"{0: 19, 1: 0, 2: 1, 3: 0, 4: 0}",0
184,False,"{'a': 0.5, 'e': 0.35250000000000004}",25,0,-96.88403431749941,"{0: 18, 1: 2, 2: 2, 3: 1, 4: 2}",0
185,False,"{'a': 0.5, 'e': 0.349}",25,0,-46.86436561356889,"{0: 23, 1: 0, 2: 0, 3: 0, 4: 2}",0
186,False,"{'a': 0.5, 'e': 0.34550000000000003}",30,15,18.075998888216958,"{0: 14, 1: 0, 2: 1, 3: 0, 4: 0}",1
187,False,"{'a': 0.5, 'e': 0.34199999999999997}",25,12,11.969049382866833,"{0: 12, 1: 0, 2: 1, 3: 0, 4: 0}",1
188,False,"{'a': 0.5, 'e': 0.3385}",20,11,13.080416234468753,"{0: 9, 1: 0, 2: 0, 3: 0, 4: 0}",1
189,False,"{'a': 0.5, 'e': 0.33499999999999996}",20,2,-20.61581909268681,"{0: 16, 1: 0, 2: 1, 3: 0, 4: 1}",1
190,False,"{'a': 0.5, 'e': 0.3315}",20,0,17.486726185629998,"{0: 19, 1: 0, 2: 1, 3: 0, 4: 0}",0
191,False,"{'a': 0.5, 'e': 0.32799999999999996}",25,8,-25.8825289304194,"{0: 15, 1: 0, 2: 1, 3: 0, 4: 1}",1
192,False,"{'a': 0.5, 'e': 0.3245}",20,0,-81.307373743187,"{0: 16, 1: 0, 2: 1, 3: 1, 4: 2}",1
193,False,"{'a': 0.5, 'e': 0.32099999999999995}",25,11,24.67774869575957,"{0: 14, 1: 0, 2: 0, 3: 0, 4: 0}",1
194,False,"{'a': 0.5, 'e': 0.3175}",20,0,9.33260337255892,"{0: 18, 1: 1, 2: 1, 3: 0, 4: 0}",0
195,False,"{'a': 0.5, 'e': 0.31399999999999995}",25,0,1.7021749653273819,"{0: 22, 1: 0, 2: 3, 3: 0, 4: 0}",0
196,False,"{'a': 0.5, 'e': 0.3105}",25,6,-59.70132261248165,"{0: 14, 1: 0, 2: 4, 3: 0, 4: 1}",1
197,False,"{'a': 0.5, 'e': 0.30699999999999994}",20,6,11.507710254560417,"{0: 13, 1: 0, 2: 1, 3: 0, 4: 0}",1
198,False,"{'a': 0.5, 'e': 0.3035}",20,7,0.5673929666137358,"{0: 11, 1: 0, 2: 2, 3: 0, 4: 0}",1
199,False,"{'a': 0.5, 'e': 0.29999999999999993}",20,0,33.089570621588585,"{0: 20, 1: 0, 2: 0, 3: 0, 4: 0}",0
200,False,"{'a': 0.5, 'e': 0.2965}",30,6,-17.95927639700451,"{0: 20, 1: 3, 2: 0, 3: 0, 4: 1}",1
201,False,"{'a': 0.5, 'e': 0.29300000000000004}",25,20,8.993345706132677,"{0: 5, 1: 0, 2: 0, 3: 0, 4: 0}",1
202,False,"{'a': 0.5, 'e': 0.2895}",25,11,-23.985539753552633,"{0: 11, 1: 0, 2: 2, 3: 1, 4: 0}",1
203,False,"{'a': 0.5, 'e': 0.28600000000000003}",30,19,13.925761080832428,"{0: 10, 1: 0, 2: 1, 3: 0, 4: 0}",1
204,False,"{'a': 0.5, 'e': 0.2825}",30,14,-69.79372167464383,"{0: 11, 1: 0, 2: 3, 3: 1, 4: 1}",1
205,False,"{'a': 0.5, 'e': 0.279}",25,14,-19.942305475889718,"{0: 10, 1: 0, 2: 0, 3: 0, 4: 1}",1
206,False,"{'a': 0.5, 'e': 0.27549999999999997}",20,6,8.32954191673982,"{0: 12, 1: 1, 2: 1, 3: 0, 4: 0}",1
207,False,"{'a': 0.5, 'e': 0.272}",20,9,-17.44102231102479,"{0: 8, 1: 1, 2: 1, 3: 1, 4: 0}",1
208,False,"{'a': 0.5, 'e': 0.26849999999999996}",20,0,-13.686247320829189,"{0: 19, 1: 0, 2: 0, 3: 0, 4: 1}",0
209,False,"{'a': 0.5, 'e': 0.265}",30,0,15.57460100086694,"{0: 27, 1: 1, 2: 2, 3: 0, 4: 0}",0
210,False,"{'a': 0.5, 'e': 0.26149999999999995}",20,0,7.6820328096743244,"{0: 19, 1: 0, 2: 0, 3: 1, 4: 0}",0
211,False,"{'a': 0.5, 'e': 0.258}",25,9,9.514393449435342,"{0: 14, 1: 1, 2: 1, 3: 0, 4: 0}",1
212,False,"{'a': 0.5, 'e': 0.25449999999999995}",30,20,-0.8194492462397012,"{0: 8, 1: 1, 2: 1, 3: 0, 4: 0}",1
213,False,"{'a': 0.5, 'e': 0.251}",30,15,23.530471095271785,"{0: 14, 1: 1, 2: 0, 3: 0, 4: 0}",1
214,False,"{'a': 0.5, 'e': 0.24749999999999994}",20,5,-14.403211402508841,"{0: 14, 1: 0, 2: 0, 3: 0, 4: 1}",1
215,False,"{'a': 0.5, 'e': 0.244}",25,11,15.065898888204863,"{0: 13, 1: 0, 2: 1, 3: 0, 4: 0}",1
216,False,"{'a': 0.5, 'e': 0.24049999999999994}",25,9,-19.30471741044078,"{0: 14, 1: 0, 2: 1, 3: 0, 4: 1}",1
217,False,"{'a': 0.5, 'e': 0.237}",20,0,-3.933517719649596,"{0: 18, 1: 0, 2: 1, 3: 1, 4: 0}",0
218,False,"{'a': 0.5, 'e': 0.23349999999999993}",20,6,-5.048988001080014,"{0: 12, 1: 0, 2: 1, 3: 1, 4: 0}",1
219,False,"{'a': 0.5, 'e': 0.22999999999999998}",25,3,14.020918742012164,"{0: 20, 1: 1, 2: 1, 3: 0, 4: 0}",1
220,False,"{'a': 0.5, 'e': 0.22650000000000003}",25,0,14.173272455050844,"{0: 22, 1: 1, 2: 2, 3: 0, 4: 0}",0
221,False,"{'a': 0.5, 'e': 0.22299999999999998}",25,16,13.262393196160598,"{0: 9, 1: 0, 2: 0, 3: 0, 4: 0}",1
222,False,"{'a': 0.5, 'e': 0.21950000000000003}",25,11,14.589584928102486,"{0: 13, 1: 0, 2: 1, 3: 0, 4: 0}",1
223,False,"{'a': 0.5, 'e': 0.21599999999999997}",20,8,0.14333650818286214,"{0: 10, 1: 1, 2: 1, 3: 0, 4: 0}",1
224,False,"{'a': 0.5, 'e': 0.21250000000000002}",20,9,-3.9016679236787963,"{0: 9, 1: 0, 2: 2, 3: 0, 4: 0}",1
225,False,"{'a': 0.5, 'e': 0.20899999999999996}",25,0,20.384375343585617,"{0: 23, 1: 0, 2: 2, 3: 0, 4: 0}",0
226,False,"{'a': 0.5, 'e': 0.20550000000000002}",20,3,25.455656978925493,"{0: 17, 1: 0, 2: 0, 3: 0, 4: 0}",1
227,False,"{'a': 0.5, 'e': 0.20199999999999996}",25,7,-28.172925582283554,"{0: 14, 1: 0, 2: 3, 3: 1, 4: 0}",1
228,False,"{'a': 0.5, 'e': 0.1985}",20,0,-6.49343479017819,"{0: 17, 1: 1, 2: 1, 3: 1, 4: 0}",0
229,False,"{'a': 0.5, 'e': 0.19499999999999995}",20,7,23.05671087104284,"{0: 13, 1: 0, 2: 0, 3: 0, 4: 0}",1
230,False,"{'a': 0.5, 'e': 0.1915}",25,1,-7.156933623394892,"{0: 22, 1: 0, 2: 0, 3: 2, 4: 0}",1
231,False,"{'a': 0.5, 'e': 0.18799999999999994}",25,7,16.814422440282588,"{0: 17, 1: 0, 2: 1, 3: 0, 4: 0}",1
232,False,"{'a': 0.5, 'e': 0.1845}",20,10,19.307958664957617,"{0: 10, 1: 0, 2: 0, 3: 0, 4: 0}",1
233,False,"{'a': 0.5, 'e': 0.18099999999999994}",20,10,4.919919206481545,"{0: 9, 1: 0, 2: 1, 3: 0, 4: 0}",1
234,False,"{'a': 0.5, 'e': 0.1775}",20,11,14.89818702432586,"{0: 9, 1: 0, 2: 0, 3: 0, 4: 0}",1
235,False,"{'a': 0.5, 'e': 0.17399999999999993}",30,10,-26.070307201161263,"{0: 18, 1: 0, 2: 1, 3: 0, 4: 1}",1
236,False,"{'a': 0.5, 'e': 0.17049999999999998}",25,18,2.1487891755296316,"{0: 6, 1: 0, 2: 1, 3: 0, 4: 0}",1
237,False,"{'a': 0.5, 'e': 0.16700000000000004}",25,1,35.77108313777214,"{0: 24, 1: 0, 2: 0, 3: 0, 4: 0}",1
238,False,"{'a': 0.5, 'e': 0.16349999999999998}",20,10,19.377794553770833,"{0: 10, 1: 0, 2: 0, 3: 0, 4: 0}",1
239,False,"{'a': 0.5, 'e': 0.16000000000000003}",35,17,6.427702121750392,"{0: 16, 1: 0, 2: 2, 3: 0, 4: 0}",1
240,False,"{'a': 0.5, 'e': 0.15649999999999997}",20,8,11.309542872993372,"{0: 11, 1: 0, 2: 1, 3: 0, 4: 0}",1
241,False,"{'a': 0.5, 'e': 0.15300000000000002}",25,10,15.20169055417151,"{0: 14, 1: 0, 2: 1, 3: 0, 4: 0}",1
242,False,"{'a': 0.5, 'e': 0.14949999999999997}",20,0,22.463691749613215,"{0: 19, 1: 0, 2: 1, 3: 0, 4: 0}",0
243,False,"{'a': 0.5, 'e': 0.14600000000000002}",20,9,20.50288809355881,"{0: 11, 1: 0, 2: 0, 3: 0, 4: 0}",1
244,False,"{'a': 0.5, 'e': 0.14249999999999996}",25,11,17.58007545780204,"{0: 13, 1: 0, 2: 1, 3: 0, 4: 0}",1
245,False,"{'a': 0.5, 'e': 0.139}",20,6,23.749336879777207,"{0: 14, 1: 0, 2: 0, 3: 0, 4: 0}",1
246,False,"{'a': 0.5, 'e': 0.13549999999999995}",35,18,11.98554311755468,"{0: 15, 1: 0, 2: 2, 3: 0, 4: 0}",1
247,False,"{'a': 0.5, 'e': 0.132}",35,14,35.822626160768564,"{0: 21, 1: 0, 2: 0, 3: 0, 4: 0}",1
248,False,"{'a': 0.5, 'e': 0.12849999999999995}",20,8,9.836418116258132,"{0: 11, 1: 0, 2: 1, 3: 0, 4: 0}",1
249,False,"{'a': 0.5, 'e': 0.125}",30,9,34.21991275174141,"{0: 21, 1: 0, 2: 0, 3: 0, 4: 0}",1
250,False,"{'a': 0.5, 'e': 0.12149999999999994}",25,13,9.425543901022554,"{0: 11, 1: 0, 2: 1, 3: 0, 4: 0}",1
251,False,"{'a': 0.5, 'e': 0.118}",20,6,14.952513170471422,"{0: 13, 1: 0, 2: 1, 3: 0, 4: 0}",1
252,False,"{'a': 0.5, 'e': 0.11449999999999994}",25,13,22.30548948031406,"{0: 12, 1: 0, 2: 0, 3: 0, 4: 0}",1
253,False,"{'a': 0.5, 'e': 0.11099999999999999}",20,4,17.69141776189644,"{0: 15, 1: 0, 2: 1, 3: 0, 4: 0}",1
254,False,"{'a': 0.5, 'e': 0.10749999999999993}",25,16,16.865290892868327,"{0: 9, 1: 0, 2: 0, 3: 0, 4: 0}",1
255,False,"{'a': 0.5, 'e': 0.10399999999999998}",20,8,21.591897090052075,"{0: 12, 1: 0, 2: 0, 3: 0, 4: 0}",1
256,False,"{'a': 0.5, 'e': 0.10050000000000003}",35,16,37.73931568284953,"{0: 19, 1: 0, 2: 0, 3: 0, 4: 0}",1
257,False,"{'a': 0.5, 'e': 0.09699999999999998}",20,11,18.397006914210053,"{0: 9, 1: 0, 2: 0, 3: 0, 4: 0}",1
258,False,"{'a': 0.5, 'e': 0.09350000000000003}",25,3,-6.621212481973273,"{0: 21, 1: 0, 2: 0, 3: 0, 4: 1}",1
259,False,"{'a': 0.5, 'e': 0.08999999999999997}",20,6,1.86000417290778,"{0: 13, 1: 0, 2: 0, 3: 1, 4: 0}",1
260,False,"{'a': 0.5, 'e': 0.08650000000000002}",30,13,31.710225249909588,"{0: 17, 1: 0, 2: 0, 3: 0, 4: 0}",1
261,False,"{'a': 0.5, 'e': 0.08299999999999996}",25,20,8.846961960707597,"{0: 5, 1: 0, 2: 0, 3: 0, 4: 0}",1
262,False,"{'a': 0.5, 'e': 0.07950000000000002}",30,13,-13.469721439348367,"{0: 16, 1: 0, 2: 0, 3: 0, 4: 1}",1
263,False,"{'a': 0.5, 'e': 0.07599999999999996}",25,20,8.302395203988253,"{0: 5, 1: 0, 2: 0, 3: 0, 4: 0}",1
264,False,"{'a': 0.5, 'e': 0.07250000000000001}",20,0,19.885673170842832,"{0: 19, 1: 0, 2: 1, 3: 0, 4: 0}",0
265,False,"{'a': 0.5, 'e': 0.06899999999999995}",20,11,16.01609841852223,"{0: 9, 1: 0, 2: 0, 3: 0, 4: 0}",1
266,False,"{'a': 0.5, 'e': 0.0655}",25,16,16.654659664802168,"{0: 9, 1: 0, 2: 0, 3: 0, 4: 0}",1
267,False,"{'a': 0.5, 'e': 0.061999999999999944}",25,17,17.053255581308026,"{0: 8, 1: 0, 2: 0, 3: 0, 4: 0}",1
268,False,"{'a': 0.5, 'e': 0.058499999999999996}",25,11,29.94462933428252,"{0: 14, 1: 0, 2: 0, 3: 0, 4: 0}",1
269,False,"{'a': 0.5, 'e': 0.05499999999999994}",20,9,18.677972299855014,"{0: 11, 1: 0, 2: 0, 3: 0, 4: 0}",1
270,False,"{'a': 0.5, 'e': 0.05149999999999999}",20,8,-16.76363586393688,"{0: 10, 1: 0, 2: 1, 3: 1, 4: 0}",1
271,False,"{'a': 0.5, 'e': 0.04799999999999993}",20,6,-68.6341127370653,"{0: 11, 1: 0, 2: 1, 3: 0, 4: 2}",1
272,False,"{'a': 0.5, 'e': 0.044499999999999984}",20,11,22.061339734477126,"{0: 9, 1: 0, 2: 0, 3: 0, 4: 0}",1
273,False,"{'a': 0.5, 'e': 0.040999999999999925}",25,13,7.88352818776684,"{0: 11, 1: 0, 2: 1, 3: 0, 4: 0}",1
274,False,"{'a': 0.5, 'e': 0.03749999999999998}",35,27,16.192818687163413,"{0: 8, 1: 0, 2: 0, 3: 0, 4: 0}",1
275,False,"{'a': 0.5, 'e': 0.03400000000000003}",30,7,-1.9403516232833433,"{0: 22, 1: 0, 2: 0, 3: 0, 4: 1}",1
276,False,"{'a': 0.5, 'e': 0.03049999999999997}",25,7,23.692479677016628,"{0: 17, 1: 0, 2: 1, 3: 0, 4: 0}",1
277,False,"{'a': 0.5, 'e': 0.027000000000000024}",20,8,21.684543493495507,"{0: 12, 1: 0, 2: 0, 3: 0, 4: 0}",1
278,False,"{'a': 0.5, 'e': 0.023499999999999965}",25,4,30.608212676136123,"{0: 20, 1: 1, 2: 0, 3: 0, 4: 0}",1
279,False,"{'a': 0.5, 'e': 0.020000000000000018}",20,14,12.337644214194057,"{0: 6, 1: 0, 2: 0, 3: 0, 4: 0}",1
280,False,"{'a': 0.5, 'e': 0.01649999999999996}",30,16,29.400389921920187,"{0: 14, 1: 0, 2: 0, 3: 0, 4: 0}",1
281,False,"{'a': 0.5, 'e': 0.013000000000000012}",25,14,15.756472181354752,"{0: 10, 1: 1, 2: 0, 3: 0, 4: 0}",1
282,False,"{'a': 0.5, 'e': 0.009499999999999953}",35,23,25.340962325199822,"{0: 12, 1: 0, 2: 0, 3: 0, 4: 0}",1
283,False,"{'a': 0.5, 'e': 0.006000000000000005}",20,12,15.36631623368678,"{0: 8, 1: 0, 2: 0, 3: 0, 4: 0}",1
284,False,"{'a': 0.5, 'e': 0.0024999999999999467}",25,7,29.998514387511083,"{0: 18, 1: 0, 2: 0, 3: 0, 4: 0}",1
285,False,"{'a': 0.5, 'e': -0.001000000000000112}",30,18,21.477387116103912,"{0: 12, 1: 0, 2: 0, 3: 0, 4: 0}",1
1,True,"{'a': 0, 'e': 0}",20,9,20.625457813590057,"{0: 11, 1: 0, 2: 0, 3: 0, 4: 0}",1
2,True,"{'a': 0, 'e': 0}",25,17,17.27050066474701,"{0: 8, 1: 0, 2: 0, 3: 0, 4: 0}",1
3,True,"{'a': 0, 'e': 0}",20,3,30.043980887086516,"{0: 17, 1: 0, 2: 0, 3: 0, 4: 0}",1
4,True,"{'a': 0, 'e': 0}",30,8,44.00775379632964,"{0: 22, 1: 0, 2: 0, 3: 0, 4: 0}",1
5,True,"{'a': 0, 'e': 0}",25,14,19.59539587969457,"{0: 11, 1: 0, 2: 0, 3: 0, 4: 0}",1
6,True,"{'a': 0, 'e': 0}",25,5,38.84263051638858,"{0: 20, 1: 0, 2: 0, 3: 0, 4: 0}",1
7,True,"{'a': 0, 'e': 0}",20,10,19.919786684547912,"{0: 10, 1: 0, 2: 0, 3: 0, 4: 0}",1
8,True,"{'a': 0, 'e': 0}",30,16,25.525968369751077,"{0: 14, 1: 0, 2: 0, 3: 0, 4: 0}",1
9,True,"{'a': 0, 'e': 0}",25,14,22.961440782487298,"{0: 11, 1: 0, 2: 0, 3: 0, 4: 0}",1
10,True,"{'a': 0, 'e': 0}",20,8,21.789246305377453,"{0: 12, 1: 0, 2: 0, 3: 0, 4: 0}",1
